ID | NAME | SURNAME
1,Devondra,Strotone
2,Lanette,Emanson
3,Mignon,Balser
4,Winnah,Lemerle
5,Tamra,Jory
6,Gabriella,Vuitte
7,Cissiee,Probbing
8,Indira,Spata
9,Calley,Salmond
10,Joanna,Vagges
11,Rube,Chilles
12,Shanan,Fivey
13,Aleksandr,Huddle
14,Ashby,Pischel
15,Shoshana,Kirtlan
16,Papagena,Koene
17,Evin,Holtum
18,Fletch,Johnes
19,Dane,McGannon
20,Ruthanne,Hurrell
21,Cleopatra,Batte
22,Sileas,Ladbury
23,Dav,Matthessen
24,Kristofer,Wragg
25,Barbra,Barz
26,Craig,Caldairou
27,Klemens,Surmeyers
28,Falkner,Margerrison
29,Joy,Patron
30,Esra,Itzchaki
31,Reinold,Howett
32,Idalia,Yarranton
33,Jacquelynn,Bernardez
34,Zitella,Jozsef
35,Walther,Woonton
36,Roldan,Hopkins
37,Rancell,Gallaway
38,Meir,Roddan
39,Edi,Hunnam
40,Valentine,Cullnean
41,Adelaide,Tumulty
42,Addie,Ackermann
43,Arabela,Mauchlen
44,Padget,Wildor
45,Uriel,Rheaume
46,Trstram,Radleigh
47,Lavina,Roller
48,Easter,Eastman
49,Zachary,Sutor
50,Elwyn,Hek
51,Mary,Cashford
52,Franz,MacLaverty
53,Deck,Brash
54,Wittie,Bodiam
55,Camellia,Attwell
56,Ivar,Shurman
57,Olimpia,Sinnie
58,Adolph,Ghion
59,Haslett,Moxson
60,Ilene,Matusson
61,Linn,Stamps
62,Mattie,Fines
63,Eliot,Connah
64,Joana,Cawt
65,Gerry,Taillant
66,Kristoffer,Jacobson
67,Nikaniki,Brawley
68,Meryl,Ovesen
69,Gladi,Slinger
70,Babette,Lackmann
71,Debra,Boldry
72,Sonia,Portail
73,Nan,Kinnier
74,Tabatha,Mullaly
75,Dix,Brandenburg
76,Ilaire,Hillin
77,Benjy,Hellsdon
78,Burty,Kroch
79,Cece,Birchwood
80,Peadar,Tonge
81,Valli,Pepler
82,Harbert,Dorsey
83,Petrina,Staziker
84,Skylar,Agates
85,Jaquenetta,Philipsson
86,Jacquenetta,Emerson
87,Sydelle,Hudghton
88,Worthy,Pohlke
89,Aurlie,Dutteridge
90,Stacee,Valentine
91,Loralyn,O'Hern
92,Horace,Schulkins
93,Maxie,Hellsdon
94,Claire,Klainman
95,Odilia,Breckell
96,Roxane,Leel
97,Jennifer,Castagneto
98,Sandy,Burris
99,Chelsae,Angel
100,Tyne,Scotney
101,Alard,Vaugham
102,Garvey,Teodorski
103,Samaria,Kristiansen
104,Eveleen,Slack
105,Caresa,MacNess
106,Danette,Pury
107,Darcey,Devon
108,Anton,Bendall
109,Bernice,McCuthais
110,Orel,Gerbel
111,Selina,Sodory
112,Adrian,Broszkiewicz
113,Janeczka,Enderby
114,Web,Panketh
115,Meara,Tousy
116,Emalee,Coverdill
117,Layla,Borrill
118,Muffin,Mueller
119,Reta,Lampe
120,Serena,Ranklin
121,Jordan,Noades
122,Kellie,Cessford
123,Josephina,Leggs
124,Greggory,Chivrall
125,Evelin,Juanes
126,Barnard,Anelay
127,Danielle,Bartusek
128,Ursuline,Blades
129,Ferrell,Rase
130,Burlie,Barbey
131,Bibi,Brawn
132,Tawsha,Ventris
133,Elbertina,Westlake
134,Worth,Dagless
135,Tania,Bradnick
136,Andeee,Swatton
137,Wake,Bartol
138,Kirbie,Kubik
139,Alli,Steggles
140,Nertie,Kennsley
141,Emmie,O' Mullan
142,Barty,Stichall
143,Bonny,Weagener
144,Sioux,Eidler
145,Violet,Steptow
146,Cordula,Kiggel
147,Cassondra,Bastie
148,Darb,Lacroutz
149,Vaughan,Heathcote
150,Dick,Dissman
151,Florencia,Kinastan
152,Kathryn,MacNaughton
153,Tedie,Fawke
154,Neel,Rubinfajn
155,Rebe,Niesing
156,Johnny,Skotcher
157,Mauricio,Rego
158,Prent,Hepher
159,Lauren,Janowski
160,Gar,Langstaff
161,Wilmar,Yitzhakof
162,Pebrook,Bouch
163,Zeb,Chrestien
164,Nathalia,Nystrom
165,Letisha,Broom
166,Salomone,Donati
167,Frances,Dimic
168,Brigida,Veljes
169,Roxi,Motton
170,Berny,MacComiskey
171,Jack,Dufaur
172,Beauregard,Manshaw
173,Elvera,Jacobovitch
174,Gaby,Sibbs
175,Kat,Genner
176,Leah,Salsberg
177,Netta,Feaks
178,Hermie,Darben
179,Ellynn,Havesides
180,Katharine,Duffield
181,Jerrilyn,Hurle
182,Natty,Jaquet
183,Holt,Tytterton
184,Lyndy,Bleythin
185,Ysabel,Gauche
186,Caitlin,Calltone
187,Rebeca,Robard
188,Gherardo,Tolmie
189,Dallas,Rome
190,Corrianne,Swindell
191,Camille,Abbay
192,Graig,Nunnerley
193,Gregorio,Reignolds
194,Cathlene,Sabban
195,Tedman,Haselup
196,Haywood,Stowers
197,Pattin,Ailward
198,Wendall,Ashplant
199,Banky,Crosland
200,Hogan,McLachlan
201,Gottfried,Ickovicz
202,Delano,Mc Ilwrick
203,Berne,Toffler
204,Cinnamon,Heliar
205,Mag,Laugherane
206,Alix,McNickle
207,Man,Hodjetts
208,Catriona,Pleasants
209,Bryn,Cotterel
210,Drusi,Ellins
211,Linnet,Raspel
212,Lexi,Mulvihill
213,Tiffy,Lawdham
214,Farand,Kirley
215,Arda,Mullinder
216,Hector,Brunnen
217,Isador,Parram
218,Carilyn,Jeffery
219,Kerianne,Buttery
220,Pennie,Arthars
221,Laurens,Forster
222,Inness,Roglieri
223,Daveen,Palmar
224,Ferrell,Orry
225,Doralyn,Davitashvili
226,Kerwinn,Sustins
227,Kylila,Cannavan
228,Dede,O' Culligan
229,Freemon,Mayling
230,Nertie,Pohl
231,Rufus,Hofer
232,Winne,Layborn
233,Selia,Whooley
234,Lindsey,Toal
235,Sancho,Loines
236,Honor,Vedntyev
237,Ricki,Faiers
238,Magdalen,Kynoch
239,Florencia,Broz
240,Devy,Dulanty
241,Yuma,Isacoff
242,Sherrie,Minget
243,Sibyl,Filon
244,Anatola,Slowley
245,Molly,Rampton
246,Eldridge,Cory
247,Darnall,Snashall
248,Lorens,Menico
249,Sibyl,Peron
250,Drud,Fanner
251,Klemens,Ingham
252,Hastings,John
253,Roana,Hackleton
254,Brandais,Droghan
255,Cyrill,Goodall
256,Henka,Tulip
257,Caz,Moss
258,Alair,Villa
259,Cecily,Spilisy
260,Kristal,Jilliss
261,Arlyne,Hutchcraft
262,Florina,Abramin
263,Linette,Botwright
264,Chucho,Le land
265,Griffith,Matiewe
266,Adriena,Patise
267,Bevvy,Churm
268,Vernice,Cuttell
269,Iorgo,Cline
270,Barnie,Kovalski
271,Norene,Rowter
272,Donni,Sinderland
273,Celinda,Camous
274,Claus,Hylden
275,Brady,Nicol
276,Orren,Brickett
277,Cornelius,Merck
278,Shandee,Abreheart
279,Gnni,Colgrave
280,Doralynne,Dibsdale
281,Worthington,Ucchino
282,Clemmie,Jiruca
283,Casey,Stockoe
284,Helyn,Bradbrook
285,Ricky,Vogel
286,Milo,Henkmann
287,Nappie,Chadwyck
288,Stacia,Andryunin
289,Dur,Slateford
290,Hugo,Hovel
291,Jeanette,Dauncey
292,Lorinda,Arthurs
293,Korie,Leuren
294,Dex,Sackler
295,Rutger,Rennocks
296,Gladys,Hele
297,Lacie,D'Ambrogi
298,Paloma,Galtone
299,Linnea,Labdon
300,Saxon,Stienton
301,Rayner,MacNockater
302,Alfi,Brideaux
303,Eyde,Euston
304,Myrtice,Shadrach
305,Clayson,Doncaster
306,Rodi,McCook
307,Lillis,Gallihawk
308,Marten,Insoll
309,Kelcey,Alexandrou
310,Orson,Muehle
311,Ynez,Benedek
312,Cristen,Dullingham
313,Burgess,Brameld
314,Mead,Castagneto
315,Ruperta,Pringour
316,Kipp,Parker
317,Ignacio,Liversidge
318,Arni,Davydzenko
319,Minny,Wivell
320,Vite,Braund
321,Syman,Ling
322,Cassie,Medway
323,Horton,Godsmark
324,Stella,Lewis
325,Lizette,Jacquet
326,Abdel,Dawton
327,Ring,Cousens
328,Clarette,Indgs
329,Samson,Oliphard
330,Padget,Enns
331,Inge,Smaile
332,Janna,Feavers
333,Tiffy,Gennerich
334,Alon,Kinrade
335,Colly,Ingledow
336,Nico,Claesens
337,Terrence,Norssister
338,Celie,Locket
339,Paulina,Ilyukhov
340,Ailis,Woolliams
341,Gibb,Astle
342,Idelle,Wehnerr
343,Sibbie,Dugdale
344,Bidget,McGriele
345,Sybila,Kleint
346,Mano,Bellino
347,Montague,Clulee
348,Marlena,Mulholland
349,Modestia,Meach
350,Valeda,Tremayne
351,Jade,Jaxon
352,Garrard,Kimberley
353,Alice,Slimming
354,Rose,Stirrup
355,Dulce,Mallaby
356,Yvon,Collomosse
357,Kati,Wallwork
358,Janeczka,Rolstone
359,Dulsea,Siveter
360,Feliks,Cross
361,Orson,Blackston
362,Farah,Bridgman
363,Bogart,Dowry
364,Laverna,Huxstep
365,Torrin,Drewell
366,Jazmin,Beavors
367,Stacie,Allbones
368,Farr,Petric
369,Fraze,Trinke
370,Corbie,Rossbrook
371,Rozalie,O'Fogarty
372,Arlette,Bolgar
373,Jerrome,Jodkowski
374,Warren,Crutchfield
375,Noell,Gianilli
376,Elias,Ather
377,Murial,Ormes
378,Laurene,Fothergill
379,Caryl,Bjorkan
380,Dinnie,Chiplin
381,Desmund,Ambrogelli
382,Mora,Fairholme
383,Gibb,Elvin
384,Dorey,Limpertz
385,Valry,Prall
386,Magdaia,Durtnel
387,Moe,Gulc
388,Guenevere,Cabrera
389,Annabelle,Absolom
390,Merla,Yerson
391,Jerrold,Cabotto
392,Obediah,Chasmer
393,Parke,Simonelli
394,Gwenette,Saltwell
395,Philipa,Stalman
396,Consolata,Aynsley
397,Othella,Marciskewski
398,Catrina,Wind
399,Nester,Mapson
400,Celinka,Peace
401,Abdel,Chaytor
402,Rodrigo,Faulks
403,Eleanor,Cokly
404,Nikaniki,Lammert
405,Nessie,Pavlitschek
406,Ranice,Hugonin
407,Leslie,MacTerlagh
408,Griswold,Tuting
409,Mab,Jayne
410,Juliana,Compson
411,Sancho,Kenwin
412,Aleda,Wims
413,Bethina,Bruggen
414,Kristal,Ohms
415,Heriberto,Scrogges
416,Katrine,Boothe
417,Durward,Rudman
418,Korney,Spendlove
419,Killie,Antham
420,Culley,Hadwin
421,Tiffi,Lowe
422,Goldia,Packwood
423,Gayelord,Fleeming
424,Fernande,Denham
425,Lynn,Woollaston
426,Meggi,Bortol
427,Logan,Kopelman
428,Cobb,Bembridge
429,Kristyn,Swynfen
430,Tuckie,Brennenstuhl
431,Domini,Marquiss
432,Shanna,Toms
433,Heinrick,Easter
434,Fairleigh,Bain
435,Nikki,Woodberry
436,Deeanne,Capenor
437,Agretha,Earland
438,Daveen,Gittens
439,Sophey,Heigho
440,Yasmeen,Herries
441,Austen,Antos
442,Wake,Lettuce
443,Cass,Carletto
444,Matt,Duggen
445,Simeon,Prendergrass
446,Damiano,Elrick
447,Stan,Trussler
448,Dante,Kamiyama
449,Guilbert,Grishankov
450,Ric,Maloney
451,Querida,Gabbatiss
452,Harwell,Lanston
453,Clo,Wickwar
454,Lianne,Balham
455,Nolie,Manicom
456,Sheilah,Orrock
457,Rudie,Larder
458,Cathy,Monnelly
459,Janey,Learmouth
460,Claudine,Cleynman
461,Pippa,Geratasch
462,Gennie,Dundredge
463,Griz,Giraux
464,Conroy,Smails
465,Riley,Milella
466,Davina,Willarton
467,Kingsly,Snelling
468,Yetta,Antonoyev
469,Parnell,Swindells
470,Georgeta,Lugton
471,Caroline,Bilton
472,Uri,Nelthropp
473,Bernadette,Cheesworth
474,Nikola,Wardle
475,Nicholas,Baack
476,Noah,Ellif
477,Warde,Taylorson
478,Correy,Seamer
479,Ulrika,Muckersie
480,Irwinn,Warton
481,Cordy,Edensor
482,Eugenia,Gother
483,Danny,Dibdale
484,Alessandra,Constable
485,Roosevelt,Friett
486,Ronda,Withey
487,Skip,Salvadori
488,Pru,Lattie
489,Humfrid,Fanti
490,Chase,Codling
491,Cordy,Cona
492,Ava,Vasyushkhin
493,Yorke,Jennison
494,Norman,Scullin
495,Garrick,Gillogley
496,Rosalie,Rannie
497,Stearn,Barsham
498,Dar,Isitt
499,Tamma,Pledger
500,Hewett,Blackler
501,Brander,Pidgeon
502,Laure,Gwinnett
503,Stace,Bottomer
504,Yardley,Othen
505,Kynthia,Strand
506,Vere,Oldcroft
507,Rutherford,Jenking
508,Zaneta,Roebuck
509,Elita,Strathern
510,Fiann,Mount
511,Pernell,Ripsher
512,Goran,Rooney
513,Salli,Ivan
514,Ezri,Rainton
515,Mariann,Khadir
516,Laverna,Spofford
517,Sigismund,Cannon
518,Gilli,Garnam
519,Ollie,Hackleton
520,Dido,Allward
521,Kyla,Kaminski
522,Ezekiel,Colbridge
523,Tore,Hallworth
524,Valeda,Deplacido
525,Shelton,Simmig
526,Timotheus,Hendron
527,Denys,Huckabe
528,Kathy,Johnys
529,Cymbre,MacDonagh
530,Car,Touzey
531,Kippie,Nesbeth
532,Tonie,Skipper
533,Dolph,Tindall
534,Vanny,Childerley
535,Ofella,Broggetti
536,Georgie,Mustin
537,Giustino,Brito
538,Coretta,Karim
539,Neila,Bohje
540,Delcine,McNalley
541,Eldon,Oylett
542,Cate,Batisse
543,Josephina,Tackes
544,Alistair,de Keyser
545,Bridie,Heino
546,Jude,Ghidoli
547,Lita,Josebury
548,Rabbi,Kobiela
549,Gilly,Stegel
550,Afton,Limmer
551,Arlyn,Delves
552,Kym,Coggon
553,Faina,Dorey
554,Laurianne,Varnham
555,Malinda,Errowe
556,Janella,Message
557,Holden,Pearmain
558,Maggie,Stoad
559,Laurel,Teresse
560,Norina,Dutnall
561,Karolina,Conibere
562,Jarret,Summerton
563,Jaquenette,Easthope
564,Chrissie,Dreossi
565,Vachel,Hurdwell
566,Lyn,Shawdforth
567,Rem,Mouton
568,Paolina,Yoodall
569,Terza,Life
570,Waylon,Anglin
571,Lia,Smittoune
572,Sissy,Scotchmore
573,Wenda,Kubas
574,Nicol,Ellor
575,Jo ann,Ranyard
576,Odelia,Coplestone
577,Annabal,Ingle
578,Rubie,Neads
579,Marjy,Itzhaki
580,Marlane,Fearnill
581,Yvor,Horley
582,Elianore,Dunton
583,Fons,Arnason
584,Cathi,Ratlee
585,Vinny,O'Farris
586,Kevyn,Luety
587,Carmine,Bentley
588,Jack,Cisec
589,Nataniel,Rippin
590,Theodor,Mac
591,Eydie,Leatherland
592,Tobie,Griffiths
593,Husein,Kealey
594,Vaughn,Billes
595,Filberto,Szymoni
596,Theresina,McGettigan
597,Inez,Carp
598,Ailey,Tourot
599,Augusta,Bosence
600,Tiler,Spurryer
601,Catlin,Vowells
602,Teodora,Humburton
603,Viole,Furmonger
604,Mikey,Gladwin
605,Marris,Scarlan
606,Irma,Coy
607,Lion,Louche
608,Laina,Pantin
609,Erskine,Pigden
610,Arne,Clymer
611,Eilis,Ethelston
612,Magda,Bantock
613,Gabi,Ellerington
614,Etan,Offiler
615,Mariya,Arnowicz
616,Abby,McBean
617,Dewitt,Goodale
618,Culver,Grandin
619,Amandy,Visco
620,Tonnie,Bailey
621,Nedda,Hrus
622,Min,Rockingham
623,Beltran,Rosen
624,Wilie,Hembry
625,Yolanda,Karadzas
626,Had,Moorton
627,Angel,Byars
628,Jerry,Pues
629,Caldwell,McCloch
630,Damiano,Baurerich
631,Ced,Clements
632,Sara,Constant
633,Britni,Rahill
634,Daniella,Sirl
635,Gustavus,Roswarne
636,Anastasie,Pemble
637,Thain,Ryle
638,Marlo,De Domenico
639,Logan,Quadling
640,Vaughan,Malicki
641,Renell,Carrell
642,Courtney,Ellicott
643,Lucille,Mayston
644,Codie,Stanners
645,Debby,Doorbar
646,Annecorinne,Puig
647,Roselin,Hoyer
648,Dag,Djorvic
649,Amata,Benyan
650,Ileane,Pallister
651,Juliana,Irdale
652,Clementia,Parsell
653,Gladys,Tschirschky
654,Robenia,O'Doghesty
655,Alexandra,Lindop
656,Kelsey,Dunseath
657,Fletch,Slyford
658,Gayleen,Trimmell
659,Yelena,Plaxton
660,Margery,MacCourt
661,Wendy,Palfreeman
662,Marilin,Battin
663,Alaine,Vickers
664,Kelsi,Knapp
665,Welch,Risbridge
666,Myles,Haymes
667,Deirdre,Pitway
668,Inessa,Mulgrew
669,Shaw,Labdon
670,Dyann,Clemerson
671,Lorain,Amori
672,Dulcie,Vakhrushev
673,Lucina,Enser
674,Marys,Nussii
675,Fields,Hansom
676,Obediah,Baford
677,Eal,Witt
678,Lonnie,Moorwood
679,Margareta,Tesh
680,Frederico,Enever
681,Cassy,Humpage
682,Rafa,Peacher
683,Vasily,Cassar
684,Gertrud,Garrard
685,Bibbie,Bulloch
686,Lind,McNysche
687,Elspeth,Harme
688,Joyce,Cathesyed
689,Myrilla,Lawson
690,Kristyn,Linnock
691,Alaric,Benoey
692,Margarethe,Bee
693,Carly,McSporon
694,Ruperto,Tiery
695,Hildegarde,Boarleyson
696,Rickert,Arnowicz
697,Urbano,Beel
698,Nola,Brackley
699,Siouxie,McCarry
700,Marcie,Moyle
701,Wade,Klousner
702,Berkeley,Biner
703,Binny,Ferne
704,Terrijo,Fochs
705,Dallis,Javes
706,Laverna,Cropper
707,Briny,Bikker
708,Hurleigh,Frarey
709,Dari,Gamon
710,Denys,Ferencowicz
711,Claudette,Hess
712,Jerad,Roman
713,Thelma,Kollasch
714,Barde,Whitehorn
715,Ruthi,Morsom
716,Dalton,Buttrum
717,Norri,McGaw
718,Ethelind,Krysztofiak
719,Isabeau,Slograve
720,Tybie,Sacaze
721,Gusella,Lightowlers
722,Marylou,Budget
723,Loy,Dikle
724,Dayna,Arkill
725,Dee dee,Brinson
726,Adan,Kissock
727,Katrinka,Hartshorn
728,Franklin,Leaton
729,Kelley,Anster
730,Vickie,Barlie
731,Mikael,Neighbour
732,Dwight,Cocker
733,Sanson,Ghelarducci
734,Nilson,Minchinton
735,Caspar,Granham
736,Betti,Doherty
737,Cindra,Brealey
738,Hewe,Narey
739,Rubetta,Meller
740,Florida,Kimbly
741,Rosita,Nuemann
742,Onida,Cobain
743,Gina,Sheara
744,Curran,Fockes
745,Sigismondo,Normant
746,Fonzie,Dowman
747,Fedora,Romans
748,Tiffanie,Eggins
749,Geneva,Gianotti
750,Marsh,Bosch
751,Belvia,Philip
752,Kaleb,Ionn
753,William,Crocket
754,Paulita,Tisor
755,Rosemarie,Leversuch
756,Joeann,Hallwell
757,Hedwig,Milligan
758,Deerdre,Mindenhall
759,Audre,Eccleston
760,Maddy,Crowd
761,Anjanette,von Hagt
762,Dael,Teesdale
763,Sal,Human
764,Rheba,Brusle
765,Jeanne,Yakov
766,Cosimo,Chadburn
767,Athena,Spillman
768,Leesa,Lippi
769,Levy,Abbott
770,Myrvyn,Troman
771,Katti,Adrien
772,Hamid,Doogue
773,Hubie,Patroni
774,Betteann,Craft
775,Dieter,Kibbe
776,Orlan,Jerromes
777,Royce,Scrowson
778,Danny,Dinis
779,Vernor,Hugnot
780,Matthus,Kirdsch
781,Konstance,Limon
782,Delphine,Daborn
783,Pammi,Sickert
784,Marianne,Stubbeley
785,Eloisa,Dyter
786,Vlad,Fairchild
787,Teodoor,Stammer
788,Dov,Coils
789,Antone,Duguid
790,Whitaker,Guillotin
791,Florenza,Larkin
792,Guillema,Dollard
793,Berkley,Beere
794,Lida,Dennant
795,Sallyanne,Warsop
796,Jedd,Anlay
797,Tabbi,Mattusov
798,Mirella,Sherrett
799,Brett,Stentiford
800,Chantal,Necolds
801,Iorgo,Crummey
802,Reg,Gainseford
803,Henrie,Kondratyuk
804,Natal,Stammler
805,Delmore,Duinkerk
806,Drona,Delagnes
807,Henka,Drissell
808,Charlean,Viel
809,Tobi,Basden
810,Skyler,Measures
811,Goldia,Batty
812,Marve,Pimm
813,Elna,Winfindale
814,Johny,Ybarra
815,Grace,Ridehalgh
816,Kris,Wotton
817,Ewell,Gery
818,Caro,Quincey
819,Jobey,Crowd
820,Nanny,Alyukin
821,Ina,Whimp
822,Danica,Jenyns
823,Nev,Fosten
824,Danna,Edinboro
825,Dinny,Barsby
826,Kandy,Grishkov
827,Murdoch,MacVay
828,Kerstin,Yurivtsev
829,Maribel,Ucceli
830,Michaela,Jest
831,Flore,McManus
832,Gaspar,Pieroni
833,Gav,Lasty
834,Mario,Reckus
835,Andee,Pairpoint
836,Shantee,Causier
837,Aube,Fydo
838,Willie,Copnar
839,Prince,Conduit
840,Jarred,Vaughten
841,Terra,Ancliffe
842,Felipe,Ricciardelli
843,Danica,Glencrash
844,Bordie,Orsay
845,Andrej,Gaskell
846,Baudoin,Bullene
847,Clotilda,Shillingford
848,Roseann,Tallow
849,Karon,Zemler
850,Ragnar,Seivertsen
851,Tami,Pepperell
852,Nanon,Baynham
853,Waverley,Febre
854,Korie,Gellately
855,Gussi,Neeson
856,Joela,Roscamp
857,Wilbert,Kemmey
858,Gustavo,Jerrold
859,Lotta,Mitchell
860,Eveleen,Ormond
861,Roby,Clues
862,Foss,Duthie
863,Red,Curphey
864,Hervey,Sharpless
865,Simone,Bird
866,Melisandra,Robillart
867,Wyndham,Beddoes
868,Warren,Morhall
869,Ajay,Sheppard
870,Elinor,Castagnaro
871,Rodrique,Hartus
872,Julius,Naldrett
873,Jerrine,Winks
874,Evin,Fountaine
875,Stavros,Stoade
876,Rubetta,Clapshaw
877,Florry,Phibb
878,Toddy,Jermin
879,Vivyan,Murie
880,Curtis,Parfrey
881,Hazlett,Hincham
882,Conan,Staniland
883,Nevin,Legges
884,Pammie,Storie
885,Carver,Balassi
886,Thornton,Ingerman
887,Devin,Akester
888,Nikola,Browne
889,Hodge,Graddon
890,Graig,Chalker
891,Sancho,Port
892,Beatriz,Posnette
893,Tresa,Geggus
894,Greta,Clemmens
895,Dedie,Nicolson
896,Durand,Fortescue
897,Tammy,Dawidowsky
898,Lynelle,McFie
899,Marisa,Farn
900,Quintina,Jann
901,Rowen,Eriksson
902,Anselm,Quinane
903,Hasheem,Nineham
904,Godiva,Duckett
905,Gianna,Aubert
906,Abramo,Andreas
907,Gwennie,Kersley
908,Dev,Haughton
909,Oswell,Turfus
910,Cassie,Gaskamp
911,Allison,Hammett
912,Lizette,Uccelli
913,Amos,Biggs
914,Silvana,Slade
915,Janeczka,Tarquinio
916,Cicely,Jacobowits
917,Jess,Hawton
918,Casar,Drinkall
919,Hatty,Rammell
920,Yolande,Medlicott
921,Brett,Bresman
922,Laurie,Bearfoot
923,Dell,Kohen
924,Justin,Tolley
925,Burnard,Foulkes
926,Townie,Conybear
927,Gwenneth,Borit
928,Valry,Drogan
929,Adena,Tonna
930,Chiquita,Dellenbroker
931,Ora,Pygott
932,Bernie,Francescotti
933,Aubrette,Albrecht
934,Suzanne,Matous
935,Cammy,Casassa
936,Kort,Sissland
937,Robin,McGilvary
938,Kermie,Dives
939,Wendye,Grimestone
940,Maddie,Lewinton
941,Barri,Dain
942,Andrew,Babonau
943,Mike,Boobyer
944,Emanuel,Searsby
945,Mable,Dunnan
946,Benedetta,Dodridge
947,Emlen,Levecque
948,Piper,Steel
949,Gayle,Battleson
950,Justino,Stud
951,Carlotta,Skyme
952,Parsifal,La Rosa
953,Winston,Petrusch
954,Abelard,Pennington
955,Enrichetta,Doucette
956,Deni,Giffen
957,Roddy,Kleinhaut
958,Kamilah,Josephs
959,Jobina,Jubert
960,Carrissa,Kohnemann
961,Edmon,Entwhistle
962,Elisha,Fealey
963,Aubine,Hansemann
964,Jillene,Budden
965,Therese,Quartley
966,Syman,Ousby
967,Lucian,Beckford
968,Annelise,Knudsen
969,Brena,Duddridge
970,Vinni,Colby
971,Cissiee,Wonham
972,Brynn,Ellis
973,Meade,Greville
974,Lebbie,Lindgren
975,Arnold,Darco
976,Bettina,Klimkin
977,Ker,Stott
978,Chickie,Philott
979,Adele,Kristoffersson
980,Sherman,Jarratt
981,Angel,Landrieu
982,Bobbe,Killner
983,Layla,Baldacco
984,Teddy,Steiner
985,Darryl,Sanderson
986,Ertha,Duce
987,Thurstan,Bridger
988,Lemar,Persent
989,Elwin,Jakel
990,Dulcine,Horsburgh
991,Louis,Futcher
992,Bryanty,Goskar
993,Carlita,Kleinmann
994,Stuart,Chipman
995,Tomi,Astman
996,Fabiano,Marskell
997,Alexandrina,Job
998,Jan,Comber
999,Donnell,Ferrettini
1000,Duane,Inwood
